{
	"name": "LIT reg JSON",
	"version": 1.0,
	"trigger": 0.33,
	"fbArch": [
		"데스피아",
		"마돌체",
		"파괴검",
		"미계역",
		"섀도르",
		"섬도",
		"소환사 알레이스터",
		"소환수",
		"시계신",
		"십이수",
		"썬더 드래곤",
		"얼터가이스트",
		"이빌트윈",
		"세리온즈",
		"태엽",
		"엔디미온",
		"오르페골",
		"인페르노이드",
		"나츄르",
		"전뇌계",
		"트라이브리게이드",
		"프랭키즈",
		"환황룡",
		"묘지기",
		"왕가의 골짜기－네크로밸리",
		"후완다리즈",
		"충혹마",
		"이그니스터",
		"Ai",
		"엘드리치",
		"스케어클로",
		"티아라멘츠",
		"크샤트리라",
		"다이놀피어",
		"라뷰린스",
		"루닉",
		"결계상",
		"마스크드 히어로",
		"사이버 다크",
		"드래곤메이드",
		"무한기동",
		"머시너즈",
		"DD",
		"샐러맨그레이트",
		"바렛",
		"드라이트론",
		"서브테러",
		"드래그마",
		"엑소시스터",
		"참기",
		"SPYRAL",
		"밸리언츠",
		"아다마시아",
		"인페르니티",
		"전황",
		"제너레이드",
		"카디언",
		"SR",
		"세피라",
		"스크랩",
		"봄화정",
		"현세와 명계의 역전",
		"언데드 월드",
		"덱 파괴 바이러스",
		"BF",
		"블랙 페더",
		"고티스",
		"마술사",
		"육화",
		"천후",
		"ABC",
		"팬텀 나이츠",
		"싱크론",
		"낙인",
		"알버스의 낙윤",
		"LL",
		"마린세스",
		"상검",
		"P.U.N.K.",
		"스프라이트"
	],
	"arch": [
		{
			"name": "블랙 매지션",
			"list": [
				12357,
				12898,
				17386,
				12579,
				12431,
				5649,
				17031,
				12457,
				11670,
				5230,
				16808,
				12470,
				16839,
				4766,
				15578,
				5907,
				14907,
				5223,
				14374,
				5166,
				12418,
				16654,
				5681,
				4830,
				4041,
				5756,
				4727,
				14366,
				14908,
				11672,
				14368,
				11121,
				12458,
				6057,
				12416,
				12491,
				6530,
				12817,
				5758,
				14909,
				5757,
				12417,
				16806,
				11669,
				12456,
				14906,
				10326,
				4728,
				14213,
				5450,
				15579
			],
			"p": [
				{
					"num": 16839,
					"reg": 1,
					"name": "일루전 오브 카오스"
				}
			]
		},
		{
			"name": "푸른 눈",
			"list": [
				12587,
				17386,
				12291,
				12292,
				17031,
				16653,
				15578,
				12251,
				7850,
				13843,
				8864,
				12293,
				16856,
				12290,
				5979,
				4007,
				4773,
				16810,
				10588,
				12487,
				12253,
				12491,
				13844,
				16809,
				6298,
				6082,
				12570,
				12332,
				12294,
				13842,
				13845,
				5600,
				14953,
				12488,
				13846,
				16855,
				15579
			],
			"p": [
				{
					"num": 12324,
					"reg": 1,
					"name": "푸른 눈의 정령룡"
				},
				{
					"num": 16809,
					"reg": 1,
					"name": "푸른 눈의 제트 드래곤"
				}
			]
		},
		{
			"name": "붉은 눈",
			"list": [
				7854,
				5309,
				13169,
				11844,
				8892,
				7982,
				13171,
				4088,
				13168,
				11843,
				12650,
				11896,
				17388,
				4748,
				11899,
				11897,
				11805,
				12618,
				6109,
				11856,
				11804,
				6292,
				11929,
				11898,
				14369,
				17243,
				6134,
				11894,
				11807,
				7557,
				11895,
				12308,
				11806
			],
			"p": [
				{
					"num": 1,
					"reg": 1
				}
			]
		},
		{
			"name": "위저 보드",
			"list": [
				5271,
				14584,
				5274,
				12572,
				5273,
				14585,
				5224,
				5272
			],
			"p": [
				{
					"num": 12572,
					"reg": 2,
					"name": "암흑 성역"
				}
			]
		},
		{
			"name": "방계",
			"list": [
				12525,
				14378,
				12483,
				14381,
				12526,
				12517,
				12519,
				12524,
				12515,
				12528,
				12516,
				12518,
				12520,
				12522,
				12521,
				12527,
				14382
			],
			"p": [
				{
					"num": 5530,
					"reg": 3,
					"name": "명추리"
				}
			]
		},
		{
			"name": "엘리멘틀 히어로, 네오스",
			"list": [
				8543,
				17455,
				6495,
				6478,
				6571,
				11419,
				6496,
				6728,
				6674,
				7161,
				17453,
				6733,
				7160,
				7553,
				14217,
				6356,
				6576,
				6538,
				6653,
				17471,
				6393,
				17626,
				17403,
				14912,
				17456,
				6672,
				6584,
				6678,
				6539,
				6676,
				7637,
				7942,
				6491,
				6993,
				6779,
				7005,
				7170,
				8537,
				18433,
				13976,
				6312,
				7172,
				6432,
				7255,
				7805,
				6536,
				6943,
				7105,
				6409,
				7058,
				6399,
				12902,
				7187,
				6527,
				13638,
				7155,
				14085,
				6477,
				7004,
				7491,
				6408,
				17404,
				7157,
				6764,
				7447,
				14148,
				6391,
				6942,
				11308,
				6310,
				6673,
				8126,
				7209,
				6927,
				6566,
				6863,
				10213,
				7163,
				6922,
				6775,
				6865,
				12901,
				17627,
				6313,
				7618,
				6675,
				17454,
				6785,
				7173,
				7024,
				6866,
				6784,
				14137,
				7195,
				6537,
				6311,
				14911,
				7156
			],
			"p": [
				{
					"num": 17454,
					"reg": 3,
					"name": "인스턴트 콘택트"
				},
				{
					"num": 14112,
					"reg": 1,
					"name": "엘리멘틀 히어로 브레이브 네오스"
				}
			]
		},
		{
			"name": "데스티니 히어로",
			"list": [
				6952,
				12706,
				6680,
				14319,
				7639,
				6658,
				6756,
				7621,
				16405,
				6755,
				13153,
				6950,
				6661,
				6659,
				12703,
				7095,
				6758,
				14304,
				6761,
				6757,
				6660,
				14259,
				16504,
				6753,
				6763,
				7577,
				6678,
				6762,
				12709,
				16562,
				6754,
				6951,
				12708,
				12704,
				6949,
				6668,
				6679,
				7417,
				6814,
				16406,
				6752,
				7096,
				12707,
				7416,
				12702
			],
			"p": [
				{
					"num": 6949,
					"reg": 3,
					"name": "데스티니 히어로 디아볼릭 가이"
				}
			]
		},
		{
			"name": "비전 히어로",
			"list": [
				9055,
				9059,
				9063,
				9074,
				9229,
				9230,
				9071,
				9190,
				9075,
				9228
			],
			"p": [
				{
					"num": 1,
					"reg": 1
				}
			]
		},
		{
			"name": "사이버 엔젤",
			"list": [
				6848,
				12626,
				14171,
				14170,
				14172,
				6845,
				14174,
				6846,
				12790,
				14173,
				6847,
				6850,
				12771
			],
			"p": [
				{
					"num": 11384,
					"reg": 1,
					"name": "아크 디클레어러"
				},
				{
					"num": 15083,
					"reg": 2,
					"name": "디클레어러 디바이너"
				},
				{
					"num": 8492,
					"reg": 3,
					"name": "의식의 준비"
				}
			]
		},
		{
			"name": "방해꾼",
			"list": [
				8264,
				5839,
				13477,
				13478,
				13479,
				5811,
				8265,
				8266,
				5812,
				5761,
				6470,
				6469,
				15727,
				13296,
				5738
			],
			"p": [
				{
					"num": 6126,
					"reg": 1,
					"name": "방해꾼 킹"
				}
			]
		},
		{
			"name": "사이버 드래곤",
			"list": [
				16295,
				7468,
				13850,
				16301,
				13423,
				6581,
				10868,
				6577,
				10867,
				13723,
				9041,
				6569,
				10866,
				13770,
				10869,
				13787,
				14047,
				8646,
				6568,
				6390,
				13849,
				8428,
				16296,
				7412,
				16557,
				13851,
				16299,
				7217,
				6588,
				11827,
				7556,
				13722
			],
			"p": [
				{
					"num": 11765,
					"reg": 1,
					"name": "사이버 드래곤 인피니티"
				},
				{
					"num": 11764,
					"reg": 3,
					"name": "키메라테크 램페이지 드래곤"
				},
				{
					"num": 7403,
					"reg": 3,
					"name": "키메라테크 포트리스 드래곤"
				},
				{
					"num": 6734,
					"reg": 3,
					"name": "키메라테크 오버 드래곤"
				},
				{
					"num": 13358,
					"reg": 3,
					"name": "키메라테크 메가프리트 드래곤"
				}
			]
		},
		{
			"name": "환마",
			"list": [
				12852,
				15142,
				15139,
				15138,
				15144,
				15137,
				6565,
				12903,
				12843,
				15136,
				15141,
				15143,
				15140,
				6575,
				12904
			],
			"p": [
				{
					"num": 15143,
					"reg": 1,
					"name": "각성의 삼환마"
				}
			]
		},
		{
			"name": "정크, 싱크론",
			"list": [
				18435,
				11623,
				9013,
				12256,
				8668,
				7758,
				11621,
				9122,
				11622,
				7870,
				11626,
				14916,
				11781,
				10309,
				11304,
				12255,
				14079,
				9472,
				14918,
				9236,
				8862,
				9215,
				17250,
				8780,
				7841,
				8872,
				7700,
				8735,
				10310,
				14084,
				8615,
				7741,
				16385,
				8439,
				11620,
				9198,
				9082,
				10454,
				8204,
				16192,
				11625,
				16413,
				8606,
				16388,
				16191,
				9473,
				15314,
				13129,
				7687,
				11641,
				14917,
				8006
			],
			"p": [
				{
					"num": 1,
					"reg": 1
				}
			]
		},
		{
			"name": "레드 데몬, 레조네이터",
			"list": [
				15048,
				12062,
				9516,
				12061,
				9478,
				8216,
				12064,
				12272,
				12066,
				12469,
				8007,
				12063,
				9090,
				9477,
				9141,
				9518,
				17251,
				7708,
				9347,
				12930,
				9517,
				12413,
				9534,
				9297,
				12414,
				9519,
				15003,
				8786
			],
			"p": [
				{
					"num": 14957,
					"reg": 1,
					"name": "스카레드 슈퍼노바 드래곤"
				},
				{
					"num": 12078,
					"reg": 1,
					"name": "염마룡 레드 데몬 어비스"
				}
			]
		},
		{
			"name": "로즈 드래곤",
			"list": [
				15970,
				16020,
				11482,
				14179,
				9448,
				14177,
				14192,
				14978,
				8199,
				15971
			],
			"p": [
				{
					"num": 7904,
					"reg": 3,
					"name": "블랙 가든"
				}
			]
		},
		{
			"name": "디포머",
			"list": [
				17596,
				7880,
				17598,
				7882,
				8850,
				8044,
				17601,
				7879,
				8166,
				7905,
				8067,
				8169,
				17597,
				7881,
				7878,
				11550,
				8015,
				8205,
				8068,
				7926,
				7874,
				7907,
				8045,
				8206,
				8168,
				7877,
				7908,
				8224,
				8204,
				7927,
				17635,
				17636,
				8016,
				9535,
				7906
			],
			"p": [
				{
					"num": 17600,
					"reg": 1,
					"name": "파워 툴 브레이버 드래곤"
				}
			]
		},
		{
			"name": "극신",
			"list": [
				9358,
				16879,
				9357,
				9457,
				16860,
				14511,
				11465,
				11466,
				9336,
				9361,
				16817,
				9337,
				9338,
				14065,
				9363
			],
			"p": [
				{
					"num": 16879,
					"reg": 1,
					"name": "극성보 스발린"
				}
			]
		},
		{
			"name": "TG",
			"list": [
				9489,
				9490,
				14086,
				9539,
				14088,
				9491,
				9541,
				14262,
				14087,
				9488,
				14560,
				14562,
				9524,
				9540,
				9487,
				9492,
				14561,
				9525,
				14559
			],
			"p": [
				{
					"num": 9554,
					"reg": 1,
					"name": "TG 하이퍼 라이브러리언"
				},
				{
					"num": 12763,
					"reg": 3,
					"name": "환창의 미세라사우루스"
				},
				{
					"num": 13500,
					"reg": 1,
					"name": "성기사의 추상 이졸데"
				}
			]
		},
		{
			"name": "호프, 유토피아",
			"list": [
				10978,
				10844,
				11030,
				16028,
				16422,
				11298,
				10365,
				10605,
				10571,
				14222,
				13003,
				7283,
				12266,
				11418,
				10957,
				13004,
				10608,
				15964,
				10981,
				10364,
				16011,
				12716,
				11085,
				10456,
				11943,
				9879,
				7830,
				11194,
				15962,
				16013,
				15963,
				16469,
				14924,
				10366,
				10133,
				10946,
				7287,
				16473,
				16420,
				16467,
				10888,
				16419
			],
			"p": [
				{
					"num": 14220,
					"reg": 3,
					"name": "No.39 유토피아 더블"
				}
			]
		},
		{
			"name": "샤크",
			"list": [
				10852,
				13563,
				7852,
				10019,
				10371,
				9880,
				9321,
				10386,
				10488,
				10849,
				15005,
				10492,
				11034,
				13677,
				17039,
				10368,
				10491,
				15004,
				10031,
				9727,
				10851,
				7336,
				11035,
				8599,
				14976,
				17641,
				8319,
				17040,
				10369,
				14977
			],
			"p": [
				{
					"num": 16424,
					"reg": 1,
					"name": "No.4 맹독자포 스텔스 크라겐"
				},
				{
					"num": 17041,
					"reg": 1,
					"name": "네필 어사일럼 헤트 나이트"
				},
				{
					"num": 17042,
					"reg": 1,
					"name": "CX－네필 어사일럼 카오스 나이트"
				},
				{
					"num": 17039,
					"reg": 2,
					"name": "어비스 샤크"
				}
			]
		},
		{
			"name": "갤럭시, 포톤, 사이퍼, 타키온, 스페이스 드래곤",
			"list": [
				9729,
				16434,
				18147,
				9885,
				9936,
				10343,
				9884,
				10730,
				10379,
				9883,
				11116,
				9971,
				11737,
				13859,
				9924,
				13860,
				13861,
				14986,
				9768,
				11926,
				9882,
				10342,
				10931,
				9966,
				12551,
				11032,
				10186,
				6569,
				11086,
				13524,
				11099,
				18146,
				10812,
				11113,
				10344,
				13552,
				12601,
				16433,
				10334,
				18196,
				9864,
				12659,
				9770,
				10335,
				9769,
				6577,
				10134,
				12658,
				12746,
				9972,
				13858,
				9881,
				13956,
				18216,
				13897,
				11031,
				5034,
				13898,
				10337,
				14981,
				10339,
				18148,
				14959,
				14700,
				9733,
				12791,
				11193,
				10020,
				10948,
				12600,
				11115,
				10333,
				11114,
				10336,
				12804,
				10338,
				16432,
				18197,
				10893,
				13943,
				18437
			],
			"p": [
				{
					"num": 12260,
					"reg": 1,
					"name": "No.38 희망괴룡 타이타닉 갤럭시"
				},
				{
					"num": 13826,
					"reg": 1,
					"name": "No.90 갤럭시아이즈 포톤 로드"
				}
			]
		},
		{
			"name": "히로익",
			"list": [
				10697,
				10290,
				11291,
				10183,
				10696,
				10135,
				10198,
				10138,
				10137,
				17172,
				17127,
				11290,
				17642,
				17128,
				10291
			],
			"p": []
		},
		{
			"name": "EM, 오드아이즈, 패왕",
			"list": [
				13127,
				11741,
				11960,
				17109,
				11524,
				12915,
				11959,
				12593,
				9562,
				12407,
				11677,
				14927,
				12739,
				12274,
				4091,
				11789,
				11587,
				11215,
				11679,
				11802,
				12371,
				11216,
				12373,
				13700,
				12931,
				12738,
				12402,
				11946,
				17261,
				17114,
				11521,
				13126,
				11148,
				17145,
				12374,
				11803,
				11801,
				11522,
				12277,
				11523,
				12693,
				11331,
				11217,
				11219,
				9541,
				13462,
				12276,
				12375,
				12164,
				12401,
				12530,
				12531,
				13839,
				12917,
				11799,
				12030,
				11615,
				11401,
				12480,
				14737,
				17113,
				13037,
				12275,
				11334,
				12403,
				12594,
				12481,
				13109,
				11218,
				11800,
				14925,
				12918,
				12737,
				12882,
				12933,
				12701,
				11938,
				11332,
				12114,
				12592,
				17110,
				12919,
				12007,
				13746,
				12376,
				11937,
				17647,
				14223,
				12174,
				12112,
				17111,
				11301,
				12379,
				11214,
				11768,
				14447,
				12916,
				11855,
				12406,
				11727,
				11680,
				11936,
				11678,
				11213,
				13006,
				12673,
				12881,
				13130,
				12111,
				12151,
				12405,
				11939,
				17258,
				11573,
				13359,
				11526,
				12372,
				12113,
				12932,
				11945,
				12452,
				11842,
				14224,
				12482,
				14589,
				11589,
				12378,
				12400,
				12906,
				13128,
				14341,
				11525,
				12595,
				12404,
				11947,
				12907,
				17112,
				11333,
				11790,
				14926,
				13129,
				11402,
				13054,
				12377,
				12115,
				11328
			],
			"p": [
				{
					"num": 11989,
					"reg": 1,
					"name": "오드아이즈 보텍스 드래곤"
				},
				{
					"num": 13462,
					"reg": 1,
					"name": "초천신룡 오드아이즈 레볼루션 드래곤"
				},
				{
					"num": 11938,
					"reg": 3,
					"name": "EM 도크로배트 조커"
				}
			]
		},
		{
			"name": "퍼니멀",
			"list": [
				15255,
				15292,
				12840,
				11347,
				11744,
				11392,
				11794,
				13701,
				11730,
				12841,
				11687,
				13991,
				11350,
				11686,
				11352,
				11953,
				11351,
				11348,
				11743,
				12886,
				12674,
				11349
			],
			"p": [
				{
					"num": 1,
					"reg": 1
				}
			]
		},
		{
			"name": "RR",
			"list": [
				15480,
				12210,
				11691,
				11590,
				11999,
				11798,
				12887,
				16035,
				11854,
				11732,
				11797,
				12286,
				11998,
				12212,
				11353,
				12213,
				11957,
				8000,
				15547,
				11767,
				11841,
				12762,
				13139,
				11853,
				11574,
				11958,
				15484,
				12214,
				15548,
				12288,
				7998,
				12330,
				15530,
				12287,
				11692,
				12209,
				15483,
				11531,
				12532
			],
			"p": [
				{
					"num": 12325,
					"reg": 1,
					"name": "RR－얼티미트 팔콘"
				}
			]
		},
		{
			"name": "아쿠아액트리스",
			"list": [
				11919,
				11918,
				11916,
				11921,
				11920,
				11917,
				11922
			],
			"p": [
				{
					"num": 16424,
					"reg": 1,
					"name": "No.4 맹독자포 스텔스 크라겐"
				},
				{
					"num": 14489,
					"reg": 3,
					"name": "마린세스 코랄아네모네"
				}
			]
		},
		{
			"name": "프레데터 플랜츠",
			"list": [
				14603,
				12838,
				14605,
				13055,
				12837,
				17131,
				12923,
				17129,
				14604,
				12858,
				12833,
				12831,
				12830,
				12834,
				12832,
				12597,
				13990,
				12839,
				12924,
				12596,
				14602,
				12925,
				17130,
				12598
			],
			"p": [
				{
					"num": 12924,
					"reg": 3,
					"name": "프레데터 플랜츠 달링 코브라"
				},
				{
					"num": 12870,
					"reg": 1,
					"name": "프레데터 플랜츠 드라고스타페리아"
				},
				{
					"num": 12835,
					"reg": 1,
					"name": "프레데터 플랜츠 키메라플레시아"
				}
			]
		},
		{
			"name": "WW",
			"list": [
				15707,
				12742,
				15763,
				15708,
				15750,
				16033,
				12743,
				12861
			],
			"p": [
				{
					"num": 1,
					"reg": 1
				}
			]
		},
		{
			"name": "점술공주",
			"list": [
				11909,
				17818,
				11912,
				17775,
				11913,
				17793,
				11907,
				11910,
				11914,
				11911,
				11908
			],
			"p": [
				{
					"num": 15083,
					"reg": 2,
					"name": "디클레어러 디바이너"
				},
				{
					"num": 11384,
					"reg": 1,
					"name": "아크 디클레어러"
				},
				{
					"num": 8492,
					"reg": 3,
					"name": "의식의 준비"
				}
			]
		},
		{
			"name": "강귀",
			"list": [
				13050,
				13719,
				13610,
				13565,
				14990,
				13049,
				14789,
				13222,
				13515,
				13720,
				13564,
				14991,
				13093,
				13048,
				13721
			],
			"p": [
				{
					"num": 1,
					"reg": 1
				}
			]
		},
		{
			"name": "다이너레슬러",
			"list": [
				13896,
				14303,
				14634,
				14455,
				13893,
				14257,
				13894,
				14633,
				14790,
				14256,
				13941,
				13895,
				14454,
				14258
			],
			"p": [
				{
					"num": 13896,
					"reg": 3,
					"name": "다이너레슬러 판크라톱스"
				},
				{
					"num": 13011,
					"reg": 3,
					"name": "영혼을 먹는 오비랍토르"
				}
			]
		},
		{
			"name": "트릭스터",
			"list": [
				13563,
				13562,
				14136,
				13220,
				13609,
				13561,
				13513,
				13045,
				13046,
				13555,
				14135,
				13608,
				13107,
				14787,
				13047,
				13092
			],
			"p": [
				{
					"num": 13107,
					"reg": 1,
					"name": "트릭스터 리인카네이션"
				},
				{
					"num": 13092,
					"reg": 1,
					"name": "트릭스터 라이트스테이지"
				}
			]
		},
		{
			"name": "생아발론",
			"list": [
				15868,
				15859,
				15858,
				16551,
				15869,
				15860,
				15857
			],
			"p": [
				{
					"num": 15861,
					"reg": 3,
					"name": "생아발론 드리아스"
				}
			]
		},
		{
			"name": "군관",
			"list": [
				16201,
				17428,
				16508,
				16247,
				18529,
				16263,
				16200,
				16509
			],
			"p": [
				{
					"num": 1,
					"reg": 1
				}
			]
		},
		{
			"name": "네크로즈",
			"list": [
				11486,
				11482,
				11483,
				11490,
				11580,
				12945,
				11489,
				11488,
				15851,
				11484,
				11491,
				11701,
				11480,
				11487,
				11548,
				11713,
				11702,
				11564,
				11481,
				11485
			],
			"p": [
				{
					"num": 11384,
					"reg": 1,
					"name": "아크 디클레어러"
				},
				{
					"num": 15083,
					"reg": 2,
					"name": "디클레어러 디바이너"
				},
				{
					"num": 11485,
					"reg": 2,
					"name": "트리슈라의 네크로즈"
				},
				{
					"num": 8492,
					"reg": 3,
					"name": "의식의 준비"
				}
			]
		},
		{
			"name": "도레미코드",
			"list": [
				18528,
				16086,
				16085,
				16094,
				16088,
				16084,
				16093,
				16092,
				16095,
				16096,
				16091,
				16087,
				16090,
				16089
			],
			"p": [
				{
					"num": 15083,
					"reg": 2,
					"name": "디클레어러 디바이너"
				}
			]
		},
		{
			"name": "령사",
			"list": [
				6510,
				8800,
				6508,
				7664,
				6337,
				6509,
				17434,
				6336,
				6507,
				6335,
				14389,
				11596,
				15409,
				6338,
				14969,
				9907,
				12951
			],
			"p": [
				{
					"num": 12952,
					"reg": 2,
					"name": "페어리테일－카구야"
				}
			]
		},
		{
			"name": "령수",
			"list": [
				11495,
				11502,
				11549,
				11594,
				12799,
				11501,
				11494,
				11703,
				12761,
				11493,
				11704,
				11492,
				11496,
				11497
			],
			"p": [
				{
					"num": 14740,
					"reg": 2,
					"name": "디멘션 어트랙터"
				}
			]
		},
		{
			"name": "룡성",
			"list": [
				11284,
				11283,
				11240,
				11239,
				11271,
				11364,
				12667,
				11241,
				11700,
				11238,
				11407,
				11270,
				11237,
				11363,
				11699
			],
			"p": [
				{
					"num": 11722,
					"reg": 3,
					"name": "환룡성－쵸호우"
				}
			]
		},
		{
			"name": "리브로맨서",
			"list": [
				17398,
				17396,
				17399,
				17394,
				17233,
				17395,
				17238,
				17236,
				17237,
				17235,
				17397,
				18526,
				17400,
				17234,
				17232
			],
			"p": [
				{
					"num": 8492,
					"reg": 3,
					"name": "의식의 준비"
				}
			]
		},
		{
			"name": "마기스토스",
			"list": [
				15613,
				15623,
				15622,
				15621,
				15620,
				15614,
				15612,
				15615
			],
			"p": [
				{
					"num": 16531,
					"reg": 1,
					"name": "마기스토스 다이몬 조로아"
				}
			]
		},
		{
			"name": "마도서",
			"list": [
				10145,
				10190,
				5676,
				10358,
				5680,
				10147,
				10246,
				10281,
				10421,
				10357,
				10149,
				10245,
				10631,
				13101,
				10188,
				10189,
				10318,
				10312,
				10244,
				10148,
				10187,
				10150,
				10512,
				10394,
				10602,
				10146,
				10282,
				10395,
				10280,
				10544
			],
			"p": [
				{
					"num": 10544,
					"reg": 1,
					"name": "마도서의 신판"
				}
			]
		},
		{
			"name": "마탄",
			"list": [
				12122,
				13316,
				13325,
				13324,
				13317,
				13318,
				13321,
				13323,
				13327,
				13319,
				14322,
				13322,
				13320,
				13315,
				13326
			],
			"p": [
				{
					"num": 14209,
					"reg": 1,
					"name": "마탄환의 사수 맥스"
				}
			]
		},
		{
			"name": "머메일",
			"list": [
				10420,
				10393,
				10294,
				10545,
				10238,
				10434,
				10240,
				10351,
				10597,
				10239,
				10237,
				10236,
				10511,
				10293,
				10242,
				10241,
				10392,
				10278,
				13244,
				10391,
				10471
			],
			"p": [
				{
					"num": 1,
					"reg": 1
				}
			]
		},
		{
			"name": "메르피",
			"list": [
				15290,
				15307,
				15254,
				15291,
				17425,
				17424,
				15253,
				15250,
				15251,
				17465,
				15252
			],
			"p": [
				{
					"num": 1,
					"reg": 1
				}
			]
		},
		{
			"name": "메타파이즈",
			"list": [
				13240,
				13239,
				13275,
				13792,
				11212,
				13276,
				13241,
				13291,
				13734,
				13243,
				13242
			],
			"p": [
				{
					"num": 14740,
					"reg": 2,
					"name": "디멘션 어트랙터"
				}
			]
		},
		{
			"name": "메탈포제",
			"list": [
				12422,
				12421,
				12423,
				12420,
				12648,
				12471,
				12472,
				15752,
				12459,
				12460,
				15711,
				12612,
				15712
			],
			"p": [
				{
					"num": 13507,
					"reg": 1,
					"name": "헤비메탈포제 엘렉트럼"
				}
			]
		},
		{
			"name": "버스터 모드, /버스터",
			"list": [
				8058,
				8047,
				8070,
				8046,
				8069,
				14262,
				8019,
				14260,
				8023,
				8007,
				8022,
				8020,
				8017,
				14305,
				14261,
				8138,
				8091,
				8018,
				14320,
				8048,
				8021
			],
			"p": [
				{
					"num": 1,
					"reg": 1
				}
			]
		},
		{
			"name": "뱀파이어",
			"list": [
				10795,
				15844,
				6293,
				6287,
				10762,
				13645,
				13653,
				10806,
				10761,
				5958,
				5410,
				9555,
				13648,
				10873,
				13654,
				13649,
				16820,
				13644,
				13651,
				5141,
				11200,
				13646,
				10765,
				13647,
				13652,
				10760
			],
			"p": [
				{
					"num": 16850,
					"reg": 1,
					"name": "디 언데드 뱀파이어"
				}
			]
		},
		{
			"name": "베어루크티",
			"list": [
				16106,
				16107,
				16099,
				16864,
				16098,
				16100,
				16552,
				16097,
				16101,
				16108,
				16109,
				16102
			],
			"p": [
				{
					"num": 15502,
					"reg": 2,
					"name": "수왕 알파"
				}
			]
		},
		{
			"name": "빙결계",
			"list": [
				15981,
				8724,
				8107,
				15896,
				7954,
				8725,
				8253,
				15831,
				8406,
				8251,
				7955,
				9132,
				8108,
				15828,
				8832,
				7814,
				7813,
				8570,
				8573,
				8405,
				15833,
				8726,
				7529,
				9110,
				15835,
				8885,
				9131,
				8571,
				15829,
				8252,
				15830,
				7527,
				9748,
				15832,
				8250,
				8572
			],
			"p": [
				{
					"num": 1,
					"reg": 1
				}
			]
		},
		{
			"name": "비틀트루퍼",
			"list": [
				16942,
				16634,
				16946,
				16944,
				16945,
				16629,
				16628,
				16941,
				16940,
				16630,
				16633
			],
			"p": [
				{
					"num": 1,
					"reg": 1
				}
			]
		},
		{
			"name": "성잔",
			"list": [
				13061,
				13058,
				13062,
				13060,
				13096,
				13097,
				13057,
				13059
			],
			"p": [
				{
					"num": 15010,
					"reg": 1,
					"name": "잭나이츠 오르페골 기르수"
				}
			]
		},
		{
			"name": "불꽃성기사",
			"list": [
				15082,
				15247,
				15249,
				18228,
				15246,
				14803,
				15248
			],
			"p": [
				{
					"num": 13500,
					"reg": 1,
					"name": "성기사의 추상 이졸데"
				}
			]
		},
		{
			"name": "시무르그",
			"list": [
				14463,
				14464,
				7770,
				6720,
				7612,
				14465,
				16828,
				14461,
				14519,
				14462,
				14505,
				14466,
				14506,
				14507
			],
			"p": [
				{
					"num": 14935,
					"reg": 3,
					"name": "왕신조 시무르그"
				},
				{
					"num": 7770,
					"reg": 1,
					"name": "다크 시무르그"
				}
			]
		},
		{
			"name": "아로마",
			"list": [
				14701,
				11819,
				11846,
				11858,
				14686,
				12621,
				11822,
				14645,
				11820,
				14644,
				11859,
				11821,
				11818
			],
			"p": [
				{
					"num": 13505,
					"reg": 2,
					"name": "아로마세라피－재스민"
				}
			]
		},
		{
			"name": "안개 골짜기",
			"list": [
				7957,
				8109,
				7817,
				7531,
				7530,
				9350,
				7815,
				7816,
				9934,
				8110,
				7956,
				7532
			],
			"p": [
				{
					"num": 8110,
					"reg": 1,
					"name": "안개 골짜기의 거신조"
				}
			]
		},
		{
			"name": "여섯 무사",
			"list": [
				7000,
				6963,
				9544,
				13314,
				9314,
				13307,
				13310,
				7003,
				7323,
				9499,
				9500,
				9317,
				7297,
				9313,
				9316,
				6970,
				13308,
				7134,
				6965,
				7145,
				9311,
				9366,
				13356,
				7133,
				6969,
				9528,
				7322,
				9312,
				6964,
				8054,
				13311,
				7314,
				7276,
				9315,
				9340,
				6968,
				13309,
				7458,
				9341,
				6967,
				7007,
				9339,
				7853,
				13313,
				8602,
				7014,
				9342,
				9365,
				6966,
				7298
			],
			"p": [
				{
					"num": 1,
					"reg": 1
				}
			]
		},
		{
			"name": "에스프릿",
			"list": [
				12758,
				12796,
				12773,
				12807,
				12795,
				12772,
				12757,
				12759
			],
			"p": [
				{
					"num": 13252,
					"reg": 1,
					"name": "아마노이와토"
				},
				{
					"num": 8492,
					"reg": 3,
					"name": "의식의 준비"
				}
			]
		},
		{
			"name": "위치크래프트",
			"list": [
				14404,
				14412,
				14413,
				14416,
				15063,
				14410,
				14483,
				14407,
				14405,
				14830,
				14409,
				17038,
				14406,
				14415,
				14414,
				14411,
				15053,
				14408
			],
			"p": [
				{
					"num": 1,
					"reg": 1
				}
			]
		},
		{
			"name": "워크라이",
			"list": [
				15948,
				16282,
				16277,
				15945,
				15947,
				16281,
				16276,
				17176,
				15946,
				15950,
				16280,
				15951,
				15949,
				16279,
				16278
			],
			"p": [
				{
					"num": 17176,
					"reg": 1,
					"name": "워크라이 미디엄"
				}
			]
		},
		{
			"name": "플런드롤",
			"list": [
				15323,
				15326,
				15979,
				15075,
				15324,
				15081,
				15325,
				15076,
				15321,
				15320,
				15080
			],
			"p": [
				{
					"num": 1,
					"reg": 1
				}
			]
		},
		{
			"name": "잭나이츠",
			"list": [
				13386,
				13390,
				13384,
				13388,
				15010,
				13385,
				13427,
				13570,
				13389,
				13442,
				13387,
				13777,
				13428,
				13057,
				13443
			],
			"p": [
				{
					"num": 13389,
					"reg": 1,
					"name": "감벽의 잭나이츠"
				}
			]
		},
		{
			"name": "제왕",
			"list": [
				11250,
				7487,
				11760,
				9114,
				7659,
				7516,
				5965,
				11369,
				12264,
				11758,
				11581,
				10772,
				11555,
				12091,
				11757,
				10993,
				10798,
				11761,
				11204,
				11064,
				4747,
				13640,
				10926,
				4810,
				12095,
				11399,
				11756,
				11275,
				6190,
				10963,
				11759,
				12254,
				6239,
				7117,
				12094,
				12090,
				12093,
				10423,
				11105,
				13615,
				12092
			],
			"p": [
				{
					"num": 1,
					"reg": 1
				}
			]
		},
		{
			"name": "천위",
			"list": [
				14458,
				14457,
				14460,
				14646,
				14518,
				14503,
				15300,
				14504,
				14459,
				14456
			],
			"p": [
				{
					"num": 14662,
					"reg": 1,
					"name": "천위의 용귀신"
				},
				{
					"num": 14460,
					"reg": 3,
					"name": "천위룡－비슈다"
				},
				{
					"num": 14949,
					"reg": 3,
					"name": "천위룡－사하스라라"
				},
				{
					"num": 11877,
					"reg": 1,
					"name": "어버이해마"
				}
			]
		},
		{
			"name": "초량",
			"list": [
				14321,
				12216,
				12217,
				12223,
				14306,
				12218,
				12215,
				12224,
				12798,
				14263
			],
			"p": [
				{
					"num": 12222,
					"reg": 3,
					"name": "초량기신왕 그레이트 매그너스"
				},
				{
					"num": 12924,
					"reg": 3,
					"name": "프레데터 플랜츠 달링 코브라"
				}
			]
		},
		{
			"name": "크롤러",
			"list": [
				13232,
				13776,
				13961,
				13791,
				13234,
				13233,
				13235,
				13289,
				13237,
				17431,
				14269,
				13236,
				13059,
				13273
			],
			"p": [
				{
					"num": 14269,
					"reg": 1,
					"name": "데우스 엑스크롤러"
				},
				{
					"num": 17431,
					"reg": 2,
					"name": "크롤러 소우마"
				}
			]
		},
		{
			"name": "클리포트",
			"list": [
				11353,
				11394,
				11540,
				11541,
				12666,
				11355,
				11358,
				11357,
				11356,
				11542,
				11593,
				11393,
				11405,
				11354,
				11543,
				11406
			],
			"p": [
				{
					"num": 11593,
					"reg": 2,
					"name": "리클리포트"
				}
			]
		},
		{
			"name": "틴당글",
			"list": [
				13426,
				15045,
				13381,
				13380,
				13379,
				13623,
				13568,
				13382,
				13440,
				13425,
				14792,
				13383,
				14973
			],
			"p": [
				{
					"num": 1,
					"reg": 1
				}
			]
		},
		{
			"name": "파괴수",
			"list": [
				12040,
				12106,
				12107,
				12250,
				12390,
				12248,
				12105,
				12249,
				12038,
				14352,
				12392,
				12039,
				12391
			],
			"p": [
				{
					"num": 12250,
					"reg": 3,
					"name": "방해받은 파괴수의 잠"
				},
				{
					"num": 15502,
					"reg": 2,
					"name": "수왕 알파"
				},
				{
					"num": 12040,
					"reg": 3,
					"name": "KYOUTOU 워터프론트"
				},
				{
					"num": 12249,
					"reg": 3,
					"name": "괴성파괴수 지즈키엘"
				},
				{
					"num": 12390,
					"reg": 3,
					"name": "뇌격파괴수 썬더 더 킹"
				}
			]
		},
		{
			"name": "파라디온",
			"list": [
				13726,
				13730,
				13789,
				13729,
				13961,
				14311,
				13772,
				13727,
				13728,
				13771
			],
			"p": [
				{
					"num": 13761,
					"reg": 2,
					"name": "아크로드 파라디온"
				},
				{
					"num": 13729,
					"reg": 2,
					"name": "성진의 파라디온"
				}
			]
		},
		{
			"name": "에일리언",
			"list": [
				6804,
				8146,
				8075,
				7129,
				6897,
				8142,
				6803,
				6810,
				6802,
				6807,
				6987,
				7299,
				7300,
				8034,
				8185,
				6806,
				6800,
				8057,
				8033,
				6801,
				8686,
				7190,
				7140,
				12653,
				6994,
				6805,
				16210,
				6808
			],
			"p": [
				{
					"num": 1,
					"reg": 1
				}
			]
		},
		{
			"name": "피안",
			"list": [
				11633,
				11318,
				11636,
				11321,
				11509,
				11505,
				11772,
				11773,
				11635,
				11319,
				11634,
				11775,
				11317,
				11632,
				11506,
				11507
			],
			"p": [
				{
					"num": 12108,
					"reg": 1,
					"name": "영원의 숙녀 베아트리체"
				}
			]
		},
		{
			"name": "프린세스 코롱",
			"list": [
				15890,
				15891,
				16427
			],
			"p": [
				{
					"num": 1,
					"reg": 1
				}
			]
		},
		{
			"name": "페어리테일",
			"list": [
				15852,
				12770,
				12952,
				15853,
				12441,
				12625
			],
			"p": [
				{
					"num": 12441,
					"reg": 2,
					"name": "페어리테일－백설"
				},
				{
					"num": 12952,
					"reg": 3,
					"name": "페어리테일－카구야"
				}
			]
		},
		{
			"name": "죽도",
			"list": [
				13282,
				11400,
				17825,
				7635,
				7225,
				7313
			],
			"p": [
				{
					"num": 13282,
					"reg": 3,
					"name": "불타는 죽도"
				},
				{
					"num": 7635,
					"reg": 3,
					"name": "황금빛 죽도"
				}
			]
		},
		{
			"name": "펭귄",
			"list": [
				12841,
				11066,
				10853,
				4467,
				4367,
				5803,
				15390,
				4608,
				5807,
				16510,
				16549,
				10259,
				16404,
				9654,
				16511,
				16512,
				4205
			],
			"p": [
				{
					"num": 1,
					"reg": 1
				}
			]
		},
		{
			"name": "환상수기",
			"list": [
				10628,
				10542,
				10626,
				13246,
				10627,
				10555,
				10679,
				10815,
				10759,
				10625,
				11055,
				10506,
				10502,
				10667,
				10504,
				10554,
				10594,
				10503,
				10758,
				10505
			],
			"p": [
				{
					"num": 1,
					"reg": 1
				}
			]
		},
		{
			"name": "히스이",
			"list": [
				16496,
				16542,
				18473,
				16811,
				18198,
				16494,
				16871,
				16812,
				16495,
				17167,
				16857,
				17412,
				16813
			],
			"p": [
				{
					"num": 16871,
					"reg": 1,
					"name": "히스이침식"
				},
				{
					"num": 18183,
					"reg": 1,
					"name": "히스이테이 에지르 규미르"
				}
			]
		},
		{
			"name": "PSY프레임",
			"list": [
				12071,
				12076,
				12067,
				12070,
				12619,
				12072,
				12069,
				12664,
				12075,
				12068
			],
			"p": [
				{
					"num": 12070,
					"reg": 2,
					"name": "PSY프레임기어 γ"
				},
				{
					"num": 12069,
					"reg": 3,
					"name": "PSY프레임기어 β"
				}
			]
		},
		{
			"name": "U.A.",
			"list": [
				15498,
				15540,
				11777,
				11510,
				11512,
				15497,
				11639,
				11322,
				15541,
				11323,
				11779,
				11776,
				11638,
				15555,
				11324,
				11778,
				11511,
				11637
			],
			"p": [
				{
					"num": 1,
					"reg": 1
				}
			]
		},
		{
			"name": "디클레어러",
			"list": [
				7674,
				11398,
				7673,
				15083,
				11377,
				8834,
				6692,
				6693
			],
			"p": [
				{
					"num": 7674,
					"reg": 1,
					"name": "퍼펙트 디클레어러"
				},
				{
					"num": 11384,
					"reg": 1,
					"name": "아크 디클레어러"
				},
				{
					"num": 15083,
					"reg": 2,
					"name": "디클레어러 디바이너"
				},
				{
					"num": 7673,
					"reg": 2,
					"name": "버밀리온 디클레어러"
				},
				{
					"num": 8492,
					"reg": 3,
					"name": "의식의 준비"
				}
			]
		},
		{
			"name": "진룡",
			"list": [
				12419,
				12424,
				12983,
				12938,
				12937,
				12611,
				12423,
				12967,
				12934,
				12969,
				12936,
				12935,
				12754,
				12984,
				12968,
				12939,
				12940,
				12333
			],
			"p": [
				{
					"num": 12960,
					"reg": 1,
					"name": "진룡황 V.F.D."
				},
				{
					"num": 12967,
					"reg": 3,
					"name": "드래고닉D"
				}
			]
		},
		{
			"name": "누메론",
			"list": [
				15385,
				10662,
				16426,
				10946,
				15378,
				18197,
				15384
			],
			"p": [
				{
					"num": 1,
					"reg": 1
				}
			]
		},
		{
			"name": "크리보",
			"list": [
				12577,
				11160,
				12089,
				7526,
				16806,
				16402,
				17112,
				14341,
				12256,
				6406,
				16398,
				10890,
				17111,
				6314,
				4805,
				12399,
				16636,
				6407,
				6636,
				16397,
				16400,
				16399,
				7554,
				14912,
				16829,
				4064,
				18148,
				16401,
				7555,
				11964
			],
			"p": [
				{
					"num": 1,
					"reg": 1
				}
			]
		},
		{
			"name": "싱크로 드래곤",
			"list": [
				12736,
				17759,
				15377,
				16190,
				12540,
				12931,
				8006,
				15887,
				16239,
				17826,
				15970,
				15002,
				17387,
				14375,
				14978,
				12932,
				11644,
				12906,
				12910,
				12907,
				8336,
				17251,
				16259,
				15588,
				12066,
				9534,
				17261,
				16192,
				17760,
				8437,
				18534,
				14192,
				8005,
				15886,
				17758,
				16191,
				17807,
				9346,
				16241,
				16240,
				14177,
				13001,
				15590,
				13856,
				15060,
				17602,
				12883,
				9294,
				12894,
				15003,
				13462,
				11936
			],
			"p": [
				{
					"num": 1,
					"reg": 1
				}
			]
		},
		{
			"name": "네메시스",
			"list": [
				14994,
				14997,
				15046,
				14998,
				14995,
				15263,
				14996
			],
			"p": [
				{
					"num": 1,
					"reg": 1
				}
			]
		},
		{
			"name": "아티팩트",
			"list": [
				11243,
				11089,
				11044,
				13398,
				11040,
				11041,
				11042,
				11045,
				11195,
				12028,
				11043,
				11090,
				11101,
				11046,
				11242
			],
			"p": [
				{
					"num": 1,
					"reg": 1
				}
			]
		},
		{
			"name": "트로이메어",
			"list": [
				14267,
				13613,
				14098,
				13571
			],
			"p": [
				{
					"num": 1,
					"reg": 1
				}
			]
		},
		{
			"name": "마요괴",
			"list": [
				14307,
				14034,
				14266,
				14036,
				14033,
				14045,
				14035,
				14037,
				14044,
				17036,
				15149,
				14872
			],
			"p": [
				{
					"num": 1,
					"reg": 1
				}
			]
		},
		{
			"name": "령신",
			"list": [
				13573,
				10399,
				10168,
				13735,
				13575,
				13580,
				13574,
				13579,
				10257,
				13628,
				13576,
				10518,
				13614
			],
			"p": [
				{
					"num": 1,
					"reg": 1
				}
			]
		},
		{
			"name": "새크리파이스",
			"list": [
				7152,
				13464,
				7518,
				8452,
				7407,
				4737,
				13467,
				13465,
				4802,
				6859,
				15840
			],
			"p": [
				{
					"num": 8492,
					"reg": 3,
					"name": "의식의 준비"
				}
			]
		},
		{
			"name": "기교",
			"list": [
				16204,
				16205,
				16207,
				15017,
				15266,
				14480,
				14650,
				14833,
				15501,
				16249,
				16206
			],
			"p": [
				{
					"num": 1,
					"reg": 1
				}
			]
		},
		{
			"name": "분보그",
			"list": [
				11374,
				12148,
				11254,
				12147,
				11561,
				11710,
				11983,
				11828,
				12340,
				12314
			],
			"p": [
				{
					"num": 1,
					"reg": 1
				}
			]
		},
		{
			"name": "열차",
			"list": [
				11605,
				11183
			],
			"p": [
				{
					"num": 1,
					"reg": 1
				}
			]
		},
		{
			"name": "공아단",
			"list": [
				13664,
				13667,
				13663,
				13657,
				13659,
				13662,
				13665,
				13660,
				13655,
				13658,
				15544,
				17783,
				14265,
				13666,
				13661,
				13656
			],
			"p": [
				{
					"num": 17804,
					"reg": 3,
					"name": "공아단의 회검 도나"
				}
			]
		},
		{
			"name": "바렐",
			"list": [
				14623,
				16538,
				14620,
				13769,
				14786,
				13439,
				16522
			],
			"p": [
				{
					"num": 1,
					"reg": 1
				}
			]
		},
		{
			"name": "G골렘, 사이바넷, 파이어월",
			"list": [
				17656,
				13438,
				13937,
				13767,
				17662,
				14301,
				13878,
				18532,
				14436,
				18496,
				13696,
				14435,
				13877,
				13526,
				18465,
				13872,
				18464,
				13697,
				13876,
				18514,
				17657,
				14251,
				13200,
				13742,
				13747,
				13033
			],
			"p": [
				{
					"num": 17656,
					"reg": 3,
					"name": "G골렘 록해머"
				},
				{
					"num": 17657,
					"reg": 3,
					"name": "G골렘 페불도그"
				},
				{
					"num": 17662,
					"reg": 3,
					"name": "그레비티 밸런스"
				},
				{
					"num": 17661,
					"reg": 3,
					"name": "G골렘 디그니파이드 트릴리톤"
				},
				{
					"num": 17659,
					"reg": 3,
					"name": "G골렘 스터번 멘히르"
				},
				{
					"num": 17658,
					"reg": 2,
					"name": "G골렘 크리스탈하트"
				},
				{
					"num": 17660,
					"reg": 1,
					"name": "G골렘 인밸리드 돌멘"
				}
			]
		},
		{
			"name": "언체인드",
			"list": [
				14682,
				14637,
				14828,
				14635,
				15015,
				14681,
				14636,
				14697,
				14696
			],
			"p": [
				{
					"num": 1,
					"reg": 1
				}
			]
		},
		{
			"name": "문라이트",
			"list": [
				14187,
				12281,
				12343,
				12284,
				12285,
				12860,
				14188,
				14186,
				12283,
				14189,
				12282,
				12280,
				12453,
				12370
			],
			"p": [
				{
					"num": 1,
					"reg": 1
				}
			]
		},
		{
			"name": "염성, 염무",
			"list": [
				10386,
				14727,
				10329,
				14728,
				10382,
				10510,
				10385,
				10668,
				14735,
				10596,
				14736,
				10629,
				10507,
				10430,
				10509,
				14734,
				10556,
				10431,
				10630,
				10417,
				14730,
				10508,
				10380,
				10543,
				10418,
				10432,
				14729,
				10445,
				10384,
				10381,
				10383,
				14733
			],
			"p": [
				{
					"num": 1,
					"reg": 1
				}
			]
		},
		{
			"name": "드래그니티",
			"list": [
				8716,
				8719,
				9046,
				8717,
				15592,
				9047,
				9050,
				11582,
				13724,
				13788,
				9049,
				15588,
				8562,
				15591,
				8389,
				8392,
				9048,
				13725,
				8718,
				15586,
				8559,
				8561,
				8560,
				15589,
				15590,
				15689,
				8391,
				8388,
				8390,
				15587
			],
			"p": [
				{
					"num": 1,
					"reg": 1
				}
			]
		},
		{
			"name": "X-세이버",
			"list": [
				7538,
				7823,
				8326,
				8684,
				8522,
				9032,
				7824,
				11576,
				9030,
				8349,
				11452,
				7537,
				7822,
				8753,
				8521,
				8282,
				8369,
				7821,
				8348,
				9031,
				8637,
				7536,
				8327
			],
			"p": [
				{
					"num": 1,
					"reg": 1
				}
			]
		},
		{
			"name": "재빠른",
			"list": [
				9580,
				8755,
				4047,
				10253,
				4161,
				7662,
				9038,
				4273,
				4922,
				7193,
				13256,
				5503
			],
			"p": [
				{
					"num": 1,
					"reg": 1
				}
			]
		},
		{
			"name": "스프리건즈",
			"list": [
				15745,
				17063,
				17809,
				15697,
				15746,
				15698,
				18199,
				16260,
				15700,
				15966,
				17459,
				15699,
				15759,
				15760,
				16015
			],
			"p": [
				{
					"num": 1,
					"reg": 1
				}
			]
		},
		{
			"name": "숲의 성수",
			"list": [
				16211,
				10105,
				10161,
				18227,
				11370,
				10922
			],
			"p": [
				{
					"num": 1,
					"reg": 1
				}
			]
		},
		{
			"name": "시계신",
			"list": [
				9698,
				13160,
				13161,
				13821,
				13822,
				13816,
				13815,
				13819,
				13158,
				13820,
				9708,
				13818,
				13157,
				13817,
				13159
			],
			"p": [
				{
					"num": 1,
					"reg": 1
				}
			]
		},
		{
			"name": "코드 토커",
			"list": [
				13872,
				14783,
				13874,
				14228,
				14162,
				13876,
				13878,
				13621,
				13201,
				13877
			],
			"p": [
				{
					"num": 1,
					"reg": 1
				}
			]
		},
		{
			"name": "인잭터",
			"list": [
				10083,
				9944,
				17032,
				10084,
				9928,
				9927,
				10054,
				10096,
				10017,
				10051,
				9894,
				10097,
				10053,
				9896,
				10021,
				10052,
				9895,
				9891,
				9892,
				9893,
				9945
			],
			"p": [
				{
					"num": 1,
					"reg": 1
				}
			]
		},
		{
			"name": "음향전사, 사운드 워리어",
			"list": [
				9324,
				11610,
				17133,
				17173,
				9325,
				12029,
				11609,
				17132,
				11608,
				9326
			],
			"p": [
				{
					"num": 1,
					"reg": 1
				}
			]
		}
	],
	"all": [
		{
			"c0": [
				8087,
				17105
			],
			"c1": [
				13082
			],
			"c2": [
				9293
			],
			"fbArchSupport": [
				12204
			]
		}
	]
}